<?xml version="1.0" encoding="UTF-8" ?>  
<!DOCTYPE log4j:configuration SYSTEM "log4j.dtd">  
<log4j:configuration xmlns:log4j="http://jakarta.apache.org/log4j/">  
  <appender name="appender" class="org.apache.log4j.ConsoleAppender">  
    <layout class="org.apache.log4j.PatternLayout">
      <param name="ConversionPattern" value="%r [%t] %-5p %c %x - %m%n" />
    </layout>
  </appender>  
  <root>  
    <priority value ="DEBUG"/>  
    <appender-ref ref="appender"/>  
  </root>  
</log4j:configuration> 
