<?xml version="1.0" encoding="UTF-8"?>
<actions>
        <action>
            <actionName>CUSTOM-jetty</actionName>
            <displayName>jetty</displayName>
            <goals>
                <goal>jetty:run</goal>
            </goals>
        </action>
        <action>
            <actionName>CUSTOM-compile</actionName>
            <displayName>compile</displayName>
            <goals>
                <goal>compiler:compile</goal>
            </goals>
        </action>
        
        
    </actions>
